"E E   ",200,9999,4,0,2021,2,0,0,2021-01-19 00:00:00.000,NULL,NULL,NULL,0,1.0,0.0,0.0,1,2021-01-22 00:00:00.000,0,5,0,J,RSRCH EXPLOR SEMINAR,"                              ","Undergraduate Research Exploration Seminar                                                                              ","      ",0,0,0,"      ",0,"   ","          ","          ",0,0,0.00,0,"            ","      ","      ","  ",0,Y,N,0,0,0,0,0,0,0,0,0,0,0,0,0,0,0,0,0,0,0,0,0,0,0,0,0,0,0,0,0,0,0,0,0
"E E   ",201,9999,4,0,2021,4,0,0,2020-09-15 00:00:00.000,NULL,NULL,NULL,0,1.0,0.0,0.0,1,2020-09-21 00:00:00.000,0,0,0,J,"COMPUTER HW SKILLS  ","                              ","Computer Hardware Skills                                                                                                ","      ",0,0,0,"      ",0,"   ","          ","          ",0,0,0.00,0,"            ","      ","      ","  ",0,N,N,0,0,0,0,0,0,0,0,0,0,0,0,0,0,0,0,0,0,0,0,0,0,0,0,0,1,0,0,0,0,0,0,0
"E E   ",205,9999,4,0,2021,4,0,0,2009-11-17 00:00:00.000,NULL,NULL,NULL,0,4.0,0.0,0.0,1,2021-03-11 00:00:00.000,0,0,0,J,"INTRO SIGNAL COND   ","                              ","Introduction to Signal Conditioning                                                                                     ","      ",0,0,0,"      ",0,"   ","          ","          ",0,1,50.00,69330,"            ","      ",943081,"1 ",0,N,N,0,0,0,0,0,0,0,0,0,0,0,0,0,0,0,0,0,0,0,0,0,0,0,0,0,1,0,0,0,0,0,0,0
"E E   ",215,9999,4,0,2022,1,0,0,1999-03-15 00:00:00.000,NULL,NULL,2004-01-28 00:00:00.000,0,4.0,0.0,0.0,1,2021-03-15 00:00:00.000,0,0,0,J,"INTRO TO E E        ","                              ","Fundamentals of Electrical Engineering                                                                                  ","      ",0,0,0,"      ",0,"   ","          ","          ",0,1,50.00,69330,"            ","      ",943081,"9 ",0,N,Y,0,0,0,0,0,0,0,0,0,0,0,0,0,0,0,0,0,0,0,0,0,0,0,0,0,0,0,0,0,0,0,1,0
"E E   ",233,9999,4,0,2018,4,0,0,1992-02-03 00:00:00.000,NULL,NULL,NULL,0,5.0,0.0,0.0,1,2018-03-22 00:00:00.000,0,0,0,J,"CIRCUIT THEORY      ","                              ","Circuit Theory                                                                                                          ","      ",0,0,0,"      ",0,"   ","          ","          ",0,1,50.00,69330,"            ","      ",943081,"9 ",0,Y,Y,0,0,0,0,0,0,0,0,0,0,0,0,0,0,0,0,0,0,0,0,0,0,0,0,0,0,0,0,0,0,0,0,0
"E E   ",235,9999,4,0,2016,2,0,0,1992-03-31 00:00:00.000,2015-11-24 00:00:00.000,NULL,NULL,0,5.0,0.0,0.0,1,2015-11-24 00:00:00.000,0,0,0,J,"CT LINEAR SYSTEMS   ","                              ","Continuous Time Linear Systems                                                                                          ","      ",0,0,0,"      ",0,"   ","          ","          ",0,1,35.00,69330,"            ","      ",943081,"9 ",0,N,Y,0,0,0,0,0,0,0,0,0,0,0,0,0,0,0,0,0,0,0,0,0,0,0,0,0,0,0,0,0,0,0,0,0
"E E   ",241,9999,4,0,2021,4,0,0,2021-03-16 00:00:00.000,NULL,NULL,NULL,0,2.0,0.0,0.0,1,2021-04-23 00:00:00.000,0,0,0,J,PROGRAMMING SIG PROC,"                              ","Programming for Signal and Information Processing Applications                                                          ","      ",0,0,0,"      ",0,"   ","          ","          ",0,0,0.00,0,"            ","      ","      ","  ",0,N,Y,0,0,0,0,0,0,0,0,0,0,0,0,0,0,0,0,0,0,0,0,0,0,0,0,0,0,0,0,0,0,0,0,0
"E E   ",242,9999,4,0,2022,1,0,0,2021-03-16 00:00:00.000,NULL,NULL,NULL,0,5.0,0.0,0.0,1,2021-11-10 00:00:00.000,0,0,0,J,"SIGNAL PROCESSING I ","                              ","Signal Processing I                                                                                                     ","      ",0,0,0,"      ",0,"   ","          ","          ",0,0,0.00,0,"            ","      ","      ","  ",0,N,Y,0,0,0,0,0,0,0,0,0,0,0,0,0,0,0,0,0,0,0,0,0,0,0,0,0,0,0,0,0,0,0,0,0
"E E   ",271,9999,4,0,2016,2,0,0,1991-12-06 00:00:00.000,2015-11-24 00:00:00.000,NULL,NULL,0,5.0,0.0,0.0,1,2015-11-24 00:00:00.000,0,0,0,J,"DIGITAL CIR & SYSTE ","                              ","Digital Circuits and Systems                                                                                            ","      ",0,0,0,"      ",0,"   ","          ","          ",0,1,50.00,69330,"            ","      ",943081,"9 ",0,N,Y,0,0,0,0,0,0,0,0,0,0,0,0,0,0,0,0,0,0,0,0,0,0,0,0,0,0,0,0,0,0,0,0,0
"E E   ",280,9999,4,0,2022,2,0,0,2021-11-16 00:00:00.000,NULL,NULL,NULL,0,4.0,0.0,0.0,1,2021-11-19 00:00:00.000,0,0,0,J,"EXPLORING DEVICES   ","                              ","Exploring Devices                                                                                                       ","      ",0,0,0,"      ",0,"   ","          ","          ",0,0,0.00,0,"            ","      ","      ","  ",0,N,Y,0,0,0,0,0,0,0,0,0,0,0,0,0,0,0,0,0,0,0,0,0,0,0,0,0,0,0,0,0,0,0,0,0
"E E   ",299,9999,4,0,2014,1,0,0,NULL,2013-10-15 00:00:00.000,NULL,NULL,0,1.0,5.0,10.0,2,2013-10-16 00:00:00.000,0,0,0,J,"INTRO TPCS E E      ","CHG TITLES, MAX CREDITS       ","Introductory Topics in Electrical Engineering                                                                           ","      ",0,0,0,"      ",0,"   ","          ","          ",0,0,0.00,0,"            ","      ","      ","  ",0," "," ",1,0,0,0,0,0,0,0,0,0,0,0,0,0,0,0,0,0,0,0,0,0,0,0,0,0,0,0,0,0,0,1,0
"E E   ",321,9999,4,0,2021,4,0,0,2020-06-02 00:00:00.000,NULL,NULL,NULL,0,4.0,0.0,0.0,1,2020-08-03 00:00:00.000,0,0,0,J,COMPUTE FUNDAMENTALS,"                              ","Computing Fundamentals                                                                                                  ","      ",0,0,0,"      ",0,"   ","          ","          ",0,0,0.00,0,"            ","      ","      ","  ",0,N,N,0,0,0,0,0,0,0,0,0,0,0,0,0,0,0,0,0,0,0,0,0,0,0,0,0,1,0,0,0,0,0,0,0
"E E   ",331,9999,4,0,1996,4,0,0,1991-12-06 00:00:00.000,1995-12-27 00:00:00.000,NULL,NULL,0,5.0,0.0,0.0,1,2015-07-23 00:00:00.000,0,0,0,J,"DEVICES/CIRCUITS I  ","CHANGE DESCRIPTION            ","Devices and Circuits I                                                                                                  ","      ",0,0,0,"      ",0,"   ","          ","          ",0,1,50.00,69330,"            ","      ",943081,"9 ",0,N,N,0,0,0,0,0,0,0,0,0,0,0,0,0,0,0,0,0,0,0,0,0,0,0,0,0,0,0,0,0,0,0,0,0
"E E   ",332,9999,4,0,1995,4,0,0,1991-12-06 00:00:00.000,1995-05-22 00:00:00.000,NULL,NULL,0,5.0,0.0,0.0,1,2015-07-23 00:00:00.000,0,0,0,J,"DEVICES/CIRCUITS II ","CHANGE DESCRIPTION            ","Devices and Circuits II                                                                                                 ","      ",0,0,0,"      ",0,"   ","          ","          ",0,1,50.00,69330,"            ","      ",943081,"9 ",0,N,N,0,0,0,0,0,0,0,0,0,0,0,0,0,0,0,0,0,0,0,0,0,0,0,0,0,0,0,0,0,0,0,0,0
"E E   ",341,9999,4,0,1999,1,0,0,1991-12-06 00:00:00.000,1998-09-28 00:00:00.000,NULL,NULL,0,5.0,0.0,0.0,1,2015-07-23 00:00:00.000,0,0,0,J,"DT LINEAR SYSTEMS   ","CHG CONTACT HOURS             ","Discrete Time Linear Systems                                                                                            ","      ",0,0,0,"      ",0,"   ","          ","          ",0,1,35.00,69330,"            ","      ",943081,"9 ",0,N,N,0,0,0,0,0,0,0,0,0,0,0,0,0,0,0,0,0,0,0,0,0,0,0,0,0,0,0,0,0,0,0,0,0
"E E   ",342,9999,4,0,2021,4,0,0,2021-03-16 00:00:00.000,NULL,NULL,NULL,0,4.0,0.0,0.0,1,2021-05-04 00:00:00.000,0,0,0,J,SIGNAL PROCESSING II,"                              ","Signal Processing II                                                                                                    ","      ",0,0,0,"      ",0,"   ","          ","          ",0,0,0.00,0,"            ","      ","      ","  ",0,N,Y,0,0,0,0,0,0,0,0,0,0,0,0,0,0,0,0,0,0,0,0,0,0,0,0,0,0,0,0,0,0,0,0,0
"E E   ",351,9999,4,0,2022,4,0,0,1991-12-06 00:00:00.000,NULL,NULL,NULL,0,5.0,0.0,0.0,1,2022-01-26 00:00:00.000,0,0,0,J,"ENERGY SYSTEMS      ","                              ","Energy Systems                                                                                                          ","      ",0,0,0,"      ",0,"   ","          ","          ",0,1,50.00,69330,"            ","      ",943081,"9 ",0,N,N,0,0,0,0,0,0,0,0,0,0,0,0,0,0,0,0,0,0,0,0,0,0,0,0,0,0,0,0,0,0,0,0,0
"E E   ",361,9999,4,0,2021,4,0,0,1991-12-06 00:00:00.000,2006-03-29 00:00:00.000,NULL,NULL,0,5.0,0.0,0.0,1,2021-06-18 00:00:00.000,0,0,0,J,"APPL EM             ","                              ","Applied Electromagnetics                                                                                                ","      ",0,0,0,"      ",0,"   ","          ","          ",0,1,50.00,69330,"            ","      ",943081,"9 ",0,N,N,0,0,0,0,0,0,0,0,0,0,0,0,0,0,0,0,0,0,0,0,0,0,0,0,0,0,0,0,0,0,0,0,0
"E E   ",371,9999,4,0,2016,1,0,0,2014-09-16 00:00:00.000,2015-06-02 00:00:00.000,NULL,NULL,0,5.0,0.0,0.0,1,2016-08-22 00:00:00.000,0,0,0,J,"DIGITAL DESIGN      ","                              ","Design of Digital Circuits and Systems                                                                                  ","      ",0,0,371,"E E   ",0,"   ","          ","          ",0,1,50.00,69330,"            ","      ",943081,"1 ",0,N,N,0,0,0,0,0,0,0,0,0,0,0,0,0,0,0,0,0,0,0,0,0,0,0,0,0,0,0,0,0,0,0,0,0
"E E   ",393,9999,4,0,2020,4,0,0,2013-06-04 00:00:00.000,NULL,NULL,NULL,0,4.0,0.0,0.0,1,2020-04-22 00:00:00.000,0,0,0,J,"ADV TECH COMM       ","                              ","Advanced Technical Communication                                                                                        ","      ",0,0,0,"      ",0,"   ","          ","          ",0,0,0.00,0,"            ","      ","      ","  ",0,N,N,0,0,0,0,0,0,0,0,0,0,0,0,0,0,0,0,0,0,0,0,0,0,0,0,0,0,0,0,0,0,0,0,0
"E E   ",398,9999,4,0,2008,2,0,0,2008-03-18 00:00:00.000,NULL,NULL,NULL,0,1.0,0.0,0.0,1,2008-03-19 00:00:00.000,0,0,0,J,"PROFESSIONAL ISSUES ","                              ","Introduction to Professional Issues                                                                                     ","      ",0,0,0,"      ",0,"   ","          ","          ",0,0,0.00,0,"            ","      ","      ","  ",0," "," ",0,0,0,0,0,0,0,0,0,0,0,0,0,0,0,0,0,0,0,0,0,0,0,0,0,0,0,0,0,0,0,0,0
"E E   ",399,9999,4,0,2014,1,0,0,NULL,2013-10-15 00:00:00.000,NULL,NULL,0,1.0,5.0,10.0,2,2013-10-16 00:00:00.000,0,0,0,J,"SPEC TPCS ELEC ENGR ","CHG CREDITS                   ","Special Topics in Electrical Engineering                                                                                ","      ",0,0,0,"      ",0,"   ","          ","          ",0,0,0.00,0,"            ","      ","      ","  ",0," "," ",0,0,0,0,0,0,0,0,0,0,0,0,0,0,0,0,0,0,0,0,0,0,0,0,0,0,0,0,0,0,0,0,0
"E E   ",400,9999,4,0,2001,4,0,0,1987-01-29 00:00:00.000,2001-02-21 00:00:00.000,NULL,NULL,0,1.0,5.0,10.0,2,2015-07-23 00:00:00.000,0,0,0,J,"ADV TOPICS E E      ","CHANGE CREDITS                ","Advanced Topics in Electrical Engineering                                                                               ","      ",0,0,0,"      ",0,"   ","          ","          ",0,1,50.00,61030,"            ","      ",943081,"9 ",0," "," ",0,0,0,0,0,1,0,0,0,0,0,0,0,0,0,0,0,0,0,0,0,0,0,0,0,0,0,0,0,0,0,0,0
"E E   ",406,9999,4,0,2021,1,0,0,2006-04-28 00:00:00.000,NULL,NULL,NULL,0,3.0,0.0,0.0,1,2020-09-21 00:00:00.000,0,0,0,J,TEACHING ENGINEERING,"                              ","Teaching Engineering                                                                                                    ","      ",0,0,0,"      ",0,"   ","          ","          ",0,0,0.00,0,"            ","      ","      ","  ",0,Y,N,0,0,0,0,0,0,0,0,0,0,0,0,0,0,0,0,0,0,0,0,0,0,0,0,0,0,0,0,0,0,0,0,0
"E E   ",414,9999,4,0,2019,4,0,0,2016-06-07 00:00:00.000,NULL,NULL,NULL,0,4.0,0.0,0.0,1,2019-06-06 00:00:00.000,0,0,0,J,"ENG INNOV HLTH      ","                              ","Engineering Innovation in Health                                                                                        ","      ",0,0,414,"M E   ",0,"   ","          ","          ",0,0,0.00,0,"            ","      ","      ","  ",0,Y,N,0,0,0,0,0,0,0,0,0,0,0,0,0,0,0,0,0,0,0,0,0,0,0,0,0,0,0,0,0,0,0,0,0
"E E   ",416,9999,4,0,2022,1,0,0,1997-10-23 00:00:00.000,NULL,NULL,NULL,0,4.0,0.0,0.0,1,2021-11-01 00:00:00.000,0,0,0,J,"RANDOM SIGNALS      ","                              ","Random Signals for Communications and Signal Processing                                                                 ","      ",0,0,0,"      ",0,"   ","          ","          ",0,0,0.00,0,"            ","      ","      ","  ",0,N,N,0,0,0,0,0,0,0,0,0,0,0,0,0,0,0,0,0,0,0,0,0,0,0,0,0,0,0,0,0,0,0,0,0
"E E   ",417,9999,4,0,2018,1,0,0,1971-06-03 00:00:00.000,NULL,NULL,NULL,0,4.0,0.0,0.0,1,2017-06-15 00:00:00.000,0,0,0,J,"MOD WIRELESS COMMS  ","                              ","Modern Wireless Communications                                                                                          ","      ",0,0,0,"      ",0,"   ","          ","          ",0,0,0.00,0,"            ","      ","      ","  ",0,N,Y,0,0,0,0,0,0,0,0,0,0,0,0,0,0,0,0,0,0,0,0,0,0,0,0,0,0,0,0,0,0,0,0,0
"E E   ",418,9999,4,0,2022,1,0,0,1971-06-03 00:00:00.000,NULL,NULL,NULL,0,3.0,0.0,0.0,1,2021-03-11 00:00:00.000,0,0,0,J,NETWK SECR & CRYPTOG,"                              ","Network Security and Cryptography                                                                                       ","      ",0,0,0,"      ",0,"   ","          ","          ",0,0,0.00,0,"            ","      ","      ","  ",0,N,Y,0,0,0,0,0,0,0,0,0,0,0,0,0,0,0,0,0,0,0,0,0,0,0,0,0,0,0,0,0,0,0,0,0
"E E   ",419,9999,4,0,2018,4,0,0,1991-03-28 00:00:00.000,NULL,NULL,NULL,0,4.0,0.0,0.0,1,2018-06-11 00:00:00.000,0,0,0,J,"INTRO COMP NETWORKS ","                              ","Introduction to Computer-Communication Networks                                                                         ","      ",0,0,0,"      ",0,"   ","          ","          ",0,0,0.00,0,"            ","      ","      ","  ",0,N,Y,0,0,0,0,0,0,0,0,0,0,0,0,0,0,0,0,0,0,0,0,0,0,0,0,0,0,0,0,0,0,0,0,0
"E E   ",420,9999,4,0,1998,1,0,0,1997-10-23 00:00:00.000,NULL,NULL,NULL,0,4.0,0.0,0.0,1,1997-11-02 00:00:00.000,0,0,0,J,"DESIGN IN COMM      ","                              ","Design in Communications                                                                                                ","      ",0,0,0,"      ",0,"   ","          ","          ",0,0,0.00,0,"            ","      ","      ","  ",0,N,N,0,0,0,0,0,0,0,0,0,0,0,0,0,0,0,0,0,0,0,0,0,0,0,0,0,0,0,0,0,0,0,0,0
"E E   ",421,9999,4,0,2022,1,0,0,2017-11-14 00:00:00.000,NULL,NULL,NULL,0,3.0,0.0,0.0,1,2021-03-11 00:00:00.000,0,0,0,J,"QUANTUM MECH ENGRS  ","                              ","Quantum Mechanics for Engineers                                                                                         ","      ",0,0,0,"      ",0,"   ","          ","          ",0,0,0.00,0,"            ","      ","      ","  ",0,Y,Y,0,0,0,0,0,0,0,0,0,0,0,0,0,0,0,0,0,0,0,0,0,0,0,0,0,0,0,0,0,0,0,0,0
"E E   ",423,9999,4,0,2022,1,0,0,2009-11-17 00:00:00.000,NULL,NULL,NULL,0,3.0,0.0,0.0,1,2021-03-12 00:00:00.000,0,0,0,J,"INTRO SYNTH BIO     ","                              ","Introduction to Synthetic Biology                                                                                       ","      ",0,0,423,"E E   ",0,"   ","          ","          ",0,0,0.00,0,"            ","      ","      ","  ",0,N,N,0,0,0,0,0,0,0,0,0,0,0,0,0,0,0,0,0,0,0,0,0,0,0,0,0,0,0,0,0,0,0,0,0
"E E   ",424,9999,4,0,2011,4,0,0,2009-11-17 00:00:00.000,2011-08-16 00:00:00.000,NULL,NULL,0,3.0,0.0,0.0,1,2016-03-21 00:00:00.000,0,0,0,J,"ADV SYNTHETIC BIO   ","EMAIL PREQ CHG, CHG DESC      ","Advanced Systems and Synthetic Biology                                                                                  ","      ",0,0,424,"BIOEN ",0,"   ","          ","          ",0,0,0.00,0,"            ","      ","      ","  ",0,N,N,0,0,0,0,0,0,0,0,0,0,0,0,0,0,0,0,0,0,0,0,0,0,0,0,0,0,0,0,0,0,0,0,0
"E E   ",425,9999,4,0,2021,4,0,0,2009-11-17 00:00:00.000,NULL,NULL,NULL,0,4.0,0.0,0.0,1,2021-03-12 00:00:00.000,0,0,0,J,"LAB SYNTH BIO       ","                              ","Laboratory Methods in Synthetic Biology                                                                                 ","      ",0,0,425,"E E   ",0,"   ","          ","          ",0,0,0.00,0,"            ","      ","      ","  ",0,N,N,0,0,0,0,0,0,0,0,0,0,0,0,0,0,0,0,0,0,0,0,0,0,0,0,0,0,0,0,0,0,0,0,0
"E E   ",433,9999,4,0,1992,4,0,0,NULL,1992-02-28 00:00:00.000,NULL,NULL,0,5.0,0.0,0.0,1,2015-07-17 00:00:00.000,0,0,0,J,"ANALOG CKT DESIGN   ","CHG TITLES, CRS, DESC         ","Analog Circuit Design                                                                                                   ","      ",0,0,0,"      ",0,"   ","          ","          ",0,1,50.00,69330,"            ","      ",943081,"9 ",0,N,N,0,0,0,0,0,0,0,0,0,0,0,0,0,0,0,0,0,0,0,0,0,0,0,0,0,0,0,0,0,0,0,0,0
"E E   ",436,9999,4,0,2013,1,0,0,1974-09-26 00:00:00.000,2012-05-31 00:00:00.000,NULL,NULL,0,4.0,0.0,0.0,1,2012-05-31 00:00:00.000,0,0,0,J,"MEDICAL INSTRUMENTN ","EMAIL PREQ CHG                ","Medical Instrumentation                                                                                                 ","      ",0,0,0,"      ",0,"   ","          ","          ",0,0,0.00,0,"            ","      ","      ","  ",0,N,N,0,0,0,0,0,0,0,0,0,0,0,0,0,0,0,0,0,0,0,0,0,0,0,0,0,0,0,0,0,0,0,0,0
"E E   ",437,9999,4,0,2018,2,0,0,2018-04-17 00:00:00.000,NULL,NULL,NULL,0,5.0,0.0,0.0,1,2018-04-19 00:00:00.000,0,0,0,J,"INTEGRATED SYSTEMS  ","                              ","Integrated Systems Capstone                                                                                             ","      ",0,0,0,"      ",0,"   ","          ","          ",0,0,0.00,0,"            ","      ","      ","  ",0,Y,Y,0,0,0,0,0,0,0,0,0,0,0,0,0,0,0,0,0,0,0,0,0,0,0,0,0,0,0,0,0,0,0,0,0
"E E   ",438,9999,4,0,2016,2,0,0,2015-12-15 00:00:00.000,NULL,NULL,NULL,0,5.0,0.0,0.0,1,2015-12-20 00:00:00.000,0,0,0,J,"INSTRMT DESIGN PROJ ","                              ","Instrumentation Design Project Capstone                                                                                 ","      ",0,0,0,"      ",0,"   ","          ","          ",0,0,0.00,0,"            ","      ","      ","  ",0," "," ",0,0,0,0,0,0,0,0,0,0,0,0,0,0,0,0,0,0,0,0,0,0,0,0,0,0,0,0,0,0,0,0,0
"E E   ",440,9999,4,0,2022,1,0,0,1998-06-23 00:00:00.000,NULL,NULL,NULL,0,4.0,0.0,0.0,1,2022-01-19 00:00:00.000,0,0,0,J,INTRO DGTL IMAG SYST,"                              ","Introduction to Digital Imaging Systems                                                                                 ","      ",0,0,0,"      ",0,"   ","          ","          ",0,1,35.00,69330,"            ","      ",943081,"9 ",0,N,N,0,0,0,0,0,0,0,0,0,0,0,0,0,0,0,0,0,0,0,0,0,0,0,0,0,0,0,0,0,0,0,0,0
"E E   ",442,9999,4,0,2022,1,0,0,1972-03-02 00:00:00.000,NULL,NULL,NULL,0,3.0,0.0,0.0,1,2021-12-07 00:00:00.000,0,0,0,J,"DIG SIG & FILTERING ","                              ","Digital Signals and Filtering                                                                                           ","      ",0,0,0,"      ",0,"   ","          ","          ",0,1,35.00,69330,"            ","      ",943081,"9 ",0,N,N,0,0,0,0,0,0,0,0,0,0,0,0,0,0,0,0,0,0,0,0,0,0,0,0,0,0,0,0,0,0,0,0,0
"E E   ",443,9999,4,0,2022,1,0,0,1988-02-01 00:00:00.000,NULL,NULL,NULL,0,4.0,0.0,0.0,1,2021-12-15 00:00:00.000,0,0,0,J,"MACH LEARN SIG PROC ","                              ","Machine Learning for Signal Processing Applications                                                                     ","      ",0,0,0,"      ",0,"   ","          ","          ",0,0,0.00,0,"            ","      ","      ","  ",0,N,N,0,0,0,0,0,0,0,0,0,0,0,0,0,0,0,0,0,0,0,0,0,0,0,0,0,0,0,0,0,0,0,0,0
"E E   ",445,9999,4,0,2022,1,0,0,2021-06-01 00:00:00.000,NULL,NULL,NULL,0,4.0,0.0,0.0,1,2021-06-10 00:00:00.000,0,0,0,J,"FUND OPTIM MACH LRN ","                              ","Fundamentals of Optimization and Machine Learning                                                                       ","      ",0,0,0,"      ",0,"   ","          ","          ",0,0,0.00,0,"            ","      ","      ","  ",0,N,N,0,0,0,0,0,0,0,0,0,0,0,0,0,0,0,0,0,0,0,0,0,0,0,0,0,0,0,0,0,0,0,0,0
"E E   ",447,9999,4,0,2022,1,0,0,1972-03-01 00:00:00.000,2007-01-24 00:00:00.000,NULL,NULL,0,4.0,0.0,0.0,1,2021-05-04 00:00:00.000,0,0,0,J,"CONTROL SYS ANLYS I ","                              ","Control System Analysis I                                                                                               ","      ",0,0,0,"      ",0,"   ","          ","          ",0,0,0.00,0,"            ","      ","      ","  ",0,N,N,0,0,0,0,0,0,0,0,0,0,0,0,0,0,0,0,0,0,0,0,0,0,0,0,0,0,0,0,0,0,0,0,0
"E E   ",448,9999,4,0,2015,1,0,0,1993-12-06 00:00:00.000,2014-06-03 00:00:00.000,NULL,NULL,0,4.0,0.0,0.0,1,2014-06-04 00:00:00.000,12,0,0,J,"CONTROLS CAPSTONE   ","CHG TTLS, DESC, HRS, CRDT,HYP ","Systems, Controls, and Robotics Capstone                                                                                ","      ",0,0,0,"      ",0,"   ","          ","          ",0,1,45.00,69310,"            ","      ",943081,"1 ",0,N,N,0,0,0,0,0,0,0,0,0,0,0,0,0,0,0,0,0,0,0,0,0,0,0,0,0,0,0,0,0,0,0,0,0
"E E   ",449,9999,4,0,2015,1,0,0,1992-02-28 00:00:00.000,2014-06-03 00:00:00.000,NULL,NULL,448,4.0,0.0,0.0,1,2014-06-04 00:00:00.000,22,0,0,J,"CONTROLS CAPSTONE   ","CHG TTLS, DESC, HYPHEN        ","Systems, Controls, and Robotics Capstone                                                                                ","E E   ",0,0,0,"      ",0,"   ","          ","          ",0,1,45.00,69330,"            ","      ",943081,"1 ",0,N,N,0,1,0,0,0,0,0,0,0,0,0,0,0,0,0,0,0,0,0,0,0,0,0,0,0,0,0,0,0,0,0,0,0
"E E   ",451,9999,4,0,2011,2,0,0,2010-05-18 00:00:00.000,NULL,NULL,NULL,0,4.0,0.0,0.0,1,2010-05-26 00:00:00.000,0,0,0,J,"WIND ENERGY         ","                              ","Wind Energy                                                                                                             ","      ",0,0,0,"      ",0,"   ","          ","          ",0,0,0.00,0,"            ","      ","      ","  ",0,N,Y,0,0,0,0,0,0,0,0,0,0,0,0,0,0,0,0,0,0,0,0,0,0,0,0,0,0,0,0,0,0,0,0,0
"E E   ",452,9999,4,0,2022,2,0,0,1985-04-25 00:00:00.000,2007-02-20 00:00:00.000,NULL,NULL,0,5.0,0.0,0.0,1,2022-01-26 00:00:00.000,0,0,0,J,"PWR ELECTRONIC DES  ","                              ","Power Electronics Design                                                                                                ","      ",0,0,0,"      ",0,"   ","          ","          ",0,1,50.00,69330,"            ","      ",943081,"9 ",0,N,N,0,0,0,0,0,0,0,0,0,0,0,0,0,0,0,0,0,0,0,0,0,0,0,0,0,0,0,0,0,0,0,0,0
"E E   ",453,9999,4,0,2020,2,0,0,1982-11-22 00:00:00.000,NULL,NULL,NULL,0,5.0,0.0,0.0,1,2019-10-11 00:00:00.000,0,0,0,J,"ELECTRIC DRIVES     ","                              ","Electric Drives                                                                                                         ","      ",0,0,0,"      ",0,"   ","          ","          ",0,1,50.00,69330,"            ","      ",943081,"9 ",0,N,N,0,0,0,0,0,0,0,0,0,0,0,0,0,0,0,0,0,0,0,0,0,0,0,0,0,0,0,0,0,0,0,0,0
"E E   ",454,9999,4,0,2002,4,0,0,1971-06-03 00:00:00.000,2001-12-21 00:00:00.000,NULL,NULL,0,4.0,0.0,0.0,1,2006-10-16 00:00:00.000,0,0,0,J,"POWER SYS ANLYS     ","CHG TITLES                    ","Power System Analysis                                                                                                   ","      ",0,0,0,"      ",0,"   ","          ","          ",0,0,0.00,0,"            ","      ","      ","  ",0,N,N,0,0,0,0,0,0,0,0,0,0,0,0,0,0,0,0,0,0,0,0,0,0,0,0,0,0,0,0,0,0,0,0,0
"E E   ",455,9999,4,0,2003,1,0,0,1977-11-17 00:00:00.000,2001-12-21 00:00:00.000,NULL,NULL,0,4.0,0.0,0.0,1,2006-10-16 00:00:00.000,0,0,0,J,POWER SYS DYN & PROT,"CHG TITLES                    ","Power System Dynamics and Protection                                                                                    ","      ",0,0,0,"      ",0,"   ","          ","          ",0,0,0.00,0,"            ","      ","      ","  ",0,N,N,0,0,0,0,0,0,0,0,0,0,0,0,0,0,0,0,0,0,0,0,0,0,0,0,0,0,0,0,0,0,0,0,0
"E E   ",456,9999,4,0,1990,2,0,0,1977-02-24 00:00:00.000,1989-12-07 00:00:00.000,NULL,NULL,0,4.0,0.0,0.0,1,2006-10-16 00:00:00.000,0,0,0,J,"CAD IN POWER SYST   ","CHG TITLES                    ","Computer-Aided Design in Power Systems                                                                                  ","      ",0,0,0,"      ",0,"   ","          ","          ",0,0,0.00,0,"            ","      ","      ","  ",0,N,N,0,0,0,0,0,0,0,0,0,0,0,0,0,0,0,0,0,0,0,0,0,0,0,0,0,0,0,0,0,0,0,0,0
"E E   ",457,9999,4,0,1981,1,0,0,1980-12-18 00:00:00.000,NULL,NULL,NULL,0,4.0,0.0,0.0,1,2006-10-16 00:00:00.000,0,0,0,J,"ELEC ENERGY DISTR   ","                              ","Electric Energy Distribution Systems                                                                                    ","      ",0,0,0,"      ",0,"   ","          ","          ",0,0,0.00,0,"            ","      ","      ","  ",0,N,N,0,0,0,0,0,0,0,0,0,0,0,0,0,0,0,0,0,0,0,0,0,0,0,0,0,0,0,0,0,0,0,0,0
"E E   ",458,9999,4,0,2020,1,0,0,2019-06-04 00:00:00.000,NULL,NULL,NULL,0,5.0,0.0,0.0,1,2019-06-06 00:00:00.000,0,0,0,J,"POWER ELEC CONTROLS ","                              ","Power Electronics Controls                                                                                              ","      ",0,0,0,"      ",0,"   ","          ","          ",0,0,0.00,0,"            ","      ","      ","  ",0,Y,N,0,0,0,0,0,0,0,0,0,0,0,0,0,0,0,0,0,0,0,0,0,0,0,0,0,0,0,0,0,0,0,0,0
"E E   ",460,9999,4,0,2022,1,0,0,2016-06-07 00:00:00.000,NULL,NULL,NULL,0,3.0,0.0,0.0,1,2021-03-11 00:00:00.000,0,0,0,J,"NEURAL ENGINEERING  ","                              ","Neural Engineering                                                                                                      ","      ",0,0,460,"BIOEN ",0,"   ","          ","          ",0,0,0.00,0,"            ","      ","      ","  ",0,Y,N,0,0,0,0,0,0,0,0,0,0,0,0,0,0,0,0,0,0,0,0,0,0,0,0,0,0,0,0,0,0,0,0,0
"E E   ",461,9999,4,0,2020,2,0,0,2016-06-07 00:00:00.000,NULL,NULL,NULL,0,4.0,0.0,0.0,1,2021-01-22 00:00:00.000,0,0,0,J,"NEURAL TECH STUDIO  ","                              ","Neural Engineering Tech Studio                                                                                          ","      ",0,0,461,"BIOEN ",0,"   ","          ","          ",0,1,100.00,68908,"            ","      ",943081,"1 ",0,Y,N,0,0,0,0,0,0,0,0,0,0,0,0,0,0,0,0,0,0,0,0,0,0,0,0,0,0,0,0,0,0,0,0,0
"E E   ",462,9999,4,0,2016,1,0,0,1993-01-20 00:00:00.000,2015-08-18 00:00:00.000,NULL,NULL,0,4.0,0.0,0.0,1,2015-08-19 00:00:00.000,0,0,0,J,"EM I: MWAVE ENGR    ","                              ","Electromagnetics I: Microwave Engineering                                                                               ","      ",0,0,0,"      ",0,"   ","          ","          ",0,0,0.00,0,"            ","      ","      ","  ",0,N,N,0,0,0,0,0,0,0,0,0,0,0,0,0,0,0,0,0,0,0,0,0,0,0,0,0,0,0,0,0,0,0,0,0
"E E   ",463,9999,4,0,2017,2,0,0,NULL,NULL,NULL,NULL,0,4.0,0.0,0.0,1,2019-11-27 00:00:00.000,0,0,0,J,"MICROWAVE ELEC DESN ","                              ","Microwave Electronic Design                                                                                             ","      ",0,0,0,"      ",0,"   ","          ","          ",0,0,0.00,0,"            ","      ","      ","  ",0,N,N,0,0,0,0,0,0,0,0,0,0,0,0,0,0,0,0,0,0,0,0,0,0,0,0,0,0,0,0,0,0,0,0,0
"E E   ",464,9999,4,0,2016,1,0,0,1970-01-29 00:00:00.000,2015-08-18 00:00:00.000,NULL,NULL,0,4.0,0.0,0.0,1,2015-08-19 00:00:00.000,0,0,0,J,"ANTENNAS            ","                              ","Antennas: Analysis and Design                                                                                           ","      ",0,0,0,"      ",0,"   ","          ","          ",0,0,0.00,0,"            ","      ","      ","  ",0,N,N,0,0,0,0,0,0,0,0,0,0,0,0,0,0,0,0,0,0,0,0,0,0,0,0,0,0,0,0,0,0,0,0,0
"E E   ",466,9999,4,0,2022,1,0,0,2016-01-19 00:00:00.000,NULL,NULL,NULL,0,4.0,0.0,0.0,1,2021-03-11 00:00:00.000,0,0,0,J,"NEUROCOMP/ENGR LAB  ","                              ","Neural Computation and Engineering Laboratory                                                                           ","      ",0,0,466,"BIOEN ",0,"   ","          ","          ",0,1,110.00,69241,"            ","      ",943081,"9 ",0,N,N,0,0,0,0,0,0,0,0,0,0,0,0,0,0,0,0,0,0,0,0,0,0,0,0,0,0,0,0,0,0,0,1,0
"E E   ",468,9999,4,0,2021,4,0,0,2020-09-15 00:00:00.000,NULL,NULL,NULL,0,4.0,0.0,0.0,1,2020-09-21 00:00:00.000,0,0,0,J,NETWRK EMBD SECURITY,"                              ","Computer, Network, and Embedded Security                                                                                ","      ",0,0,0,"      ",0,"   ","          ","          ",0,0,0.00,0,"            ","      ","      ","  ",0,N,N,0,0,0,0,0,0,0,0,0,0,0,0,0,0,0,0,0,0,0,0,0,0,0,0,0,1,0,0,0,0,0,0,0
"E E   ",469,9999,4,0,2016,1,0,0,1983-06-23 00:00:00.000,2015-06-02 00:00:00.000,NULL,NULL,0,5.0,0.0,0.0,1,2015-06-05 00:00:00.000,0,0,0,J,"COMPUTER ARCH I     ","                              ","Computer Architecture I                                                                                                 ","      ",0,0,469,"E E   ",0,"   ","          ","          ",0,1,50.00,69330,"            ","      ",943081,"9 ",0,N,N,0,0,0,0,0,0,0,0,0,0,0,0,0,0,0,0,0,0,0,0,0,0,0,0,0,0,0,0,0,0,0,0,0
"E E   ",470,9999,4,0,2019,3,0,0,1992-05-29 00:00:00.000,NULL,NULL,NULL,0,4.0,0.0,0.0,1,2019-05-10 00:00:00.000,0,0,0,J,"COMPUTER ARCH II    ","                              ","Computer Architecture II                                                                                                ","      ",0,0,470,"CSE   ",0,"   ","          ","          ",0,0,0.00,0,"            ","      ","      ","  ",0,N,N,0,0,0,0,0,0,0,0,0,0,0,0,0,0,0,0,0,0,0,0,0,0,0,0,0,0,0,0,0,0,0,0,0
"E E   ",472,9999,4,0,2021,4,0,0,2020-09-15 00:00:00.000,NULL,NULL,NULL,0,4.0,0.0,0.0,1,2020-09-21 00:00:00.000,0,0,0,J,REALTIME/EMBEDDED OS,"                              ","Real-Time and Embedded Operating Systems                                                                                ","      ",0,0,0,"      ",0,"   ","          ","          ",0,0,0.00,0,"            ","      ","      ","  ",0,N,N,0,0,0,0,0,0,0,0,0,0,0,0,0,0,0,0,0,0,0,0,0,0,0,0,0,1,0,0,0,0,0,0,0
"E E   ",473,9999,4,0,2007,4,0,0,1922-05-30 00:00:00.000,2007-03-13 00:00:00.000,NULL,NULL,0,5.0,0.0,0.0,1,2015-07-23 00:00:00.000,0,0,0,J,"LINEAR IC DESIGN    ","CHG CREDITS                   ","Linear Integrated Circuits                                                                                              ","      ",0,0,0,"      ",0,"   ","          ","          ",0,1,35.00,69330,"            ","      ",943081,"9 ",0,N,N,0,0,0,0,0,0,0,0,0,0,0,0,0,0,0,0,0,0,0,0,0,0,0,0,0,0,0,0,0,0,0,0,0
"E E   ",474,9999,4,0,2018,4,0,0,1999-12-01 00:00:00.000,NULL,NULL,NULL,0,4.0,0.0,0.0,1,2018-08-16 00:00:00.000,0,0,0,J,"INTRO EMBEDDED SYS  ","                              ","Introduction to Embedded Systems                                                                                        ","      ",0,0,474,"CSE   ",0,"   ","          ","          ",0,1,50.00,69645,"            ","      ",943081,"1 ",0,N,N,0,0,0,0,0,0,0,0,0,0,0,0,0,0,0,0,0,0,0,0,0,0,0,0,0,0,0,0,0,0,0,0,0
"E E   ",475,9999,4,0,2016,1,0,0,1984-06-01 00:00:00.000,2015-06-02 00:00:00.000,NULL,NULL,0,5.0,0.0,0.0,1,2015-06-05 00:00:00.000,0,0,0,J,"EMBEDDED CAPSTONE   ","                              ","Embedded Systems Capstone                                                                                               ","      ",0,0,475,"E E   ",0,"   ","          ","          ",0,1,50.00,69330,"            ","      ",943081,"1 ",0,N,N,0,0,0,0,0,0,0,0,0,0,0,0,0,0,0,0,0,0,0,0,0,0,0,0,0,0,0,0,0,0,0,0,0
"E E   ",476,9999,4,0,2019,4,0,0,NULL,NULL,NULL,NULL,0,5.0,0.0,0.0,1,2019-01-24 00:00:00.000,0,0,0,J,"INTRO VLSI DESIGN   ","                              ","Introduction to Very Large-Scale Integrated Design                                                                      ","      ",0,0,0,"      ",0,"   ","          ","          ",0,1,50.00,69330,"            ","      ",943081,"1 ",0,N,N,0,0,0,0,0,0,0,0,0,0,0,0,0,0,0,0,0,0,0,0,0,0,0,0,0,0,0,0,0,0,0,0,0
"E E   ",477,9999,4,0,2019,3,0,0,1996-02-23 00:00:00.000,2014-09-29 00:00:00.000,NULL,NULL,0,5.0,0.0,0.0,1,2019-08-27 00:00:00.000,0,0,0,J,"VLSI II             ","                              ","VLSI II                                                                                                                 ","      ",0,0,0,"      ",0,"   ","          ","          ",0,1,50.00,69330,"            ","      ",943081,"1 ",0,N,N,0,0,0,0,0,0,0,0,0,0,0,0,0,0,0,0,0,0,0,0,0,0,0,0,0,0,0,0,0,0,0,0,0
"E E   ",478,9999,4,0,2019,2,0,0,2019-03-19 00:00:00.000,NULL,NULL,NULL,0,5.0,0.0,0.0,1,2019-03-22 00:00:00.000,0,0,0,J,"DIG DESIGN PROJECTS ","                              ","Capstone Integrated Digital Design Projects                                                                             ","      ",0,0,0,"      ",0,"   ","          ","          ",0,0,0.00,0,"            ","      ","      ","  ",0,N,N,0,0,0,0,0,0,0,0,0,0,0,0,0,0,0,0,0,0,0,0,0,0,0,0,0,0,0,0,0,0,0,0,0
"E E   ",479,9999,4,0,2021,4,0,0,2020-09-15 00:00:00.000,NULL,NULL,NULL,0,4.0,0.0,0.0,1,2020-10-15 00:00:00.000,0,0,0,J,HIGH-PERF GPU COMPUT,"                              ","High-Performance Graphics Processing Unit Computing                                                                     ","      ",0,0,0,"      ",0,"   ","          ","          ",0,0,0.00,0,"            ","      ","      ","  ",0,N,N,0,0,0,0,0,0,0,0,0,0,0,0,0,0,0,0,0,0,0,0,0,0,0,0,0,1,0,0,0,0,0,0,0
"E E   ",482,9999,4,0,2020,4,0,0,1993-05-24 00:00:00.000,2012-05-31 00:00:00.000,NULL,NULL,0,4.0,0.0,0.0,1,2020-09-21 00:00:00.000,0,0,0,J,"SEMICONDCTR DEVICES ","                              ","Semiconductor Devices                                                                                                   ","      ",0,0,0,"      ",0,"   ","          ","          ",0,0,0.00,0,"            ","      ","      ","  ",0,N,N,0,0,0,0,0,0,0,0,0,0,0,0,0,0,0,0,0,0,0,0,0,0,0,0,0,0,0,0,0,0,0,0,0
"E E   ",484,9999,4,0,2012,2,0,0,2000-02-25 00:00:00.000,2012-01-23 00:00:00.000,NULL,NULL,0,4.0,0.0,0.0,1,2012-01-23 00:00:00.000,0,0,0,J,"SENSRS/SENSR SYSTMS ","EMAIL PREQ CHG                ","Sensors and Sensor Systems                                                                                              ","      ",0,0,0,"      ",0,"   ","          ","          ",0,0,0.00,0,"            ","      ","      ","  ",0,N,Y,0,0,0,0,0,0,0,0,0,0,0,0,0,0,0,0,0,0,0,0,0,0,0,0,0,0,0,0,0,0,0,0,0
"E E   ",485,9999,4,0,2020,4,0,0,1998-03-31 00:00:00.000,2006-03-29 00:00:00.000,NULL,NULL,0,4.0,0.0,0.0,1,2020-09-21 00:00:00.000,0,0,0,J,"INTRO TO PHOTONICS  ","                              ","Introduction to Photonics                                                                                               ","      ",0,0,0,"      ",0,"   ","          ","          ",0,0,0.00,0,"            ","      ","      ","  ",0,N,N,0,0,0,0,0,0,0,0,0,0,0,0,0,0,0,0,0,0,0,0,0,0,0,0,0,0,0,0,0,0,0,0,0
"E E   ",486,9999,4,0,2016,2,0,0,2001-01-03 00:00:00.000,NULL,NULL,NULL,0,3.0,0.0,0.0,1,2016-03-16 00:00:00.000,0,0,0,J,"IC TECHNOLOGY       ","                              ","Fundamentals of Integrated Circuit Technology                                                                           ","      ",0,0,486,"MSE   ",0,"   ","          ","          ",0,0,0.00,0,"            ","      ","      ","  ",0,N,N,0,0,0,0,0,0,0,0,0,0,0,0,0,0,0,0,0,0,0,0,0,0,0,0,0,0,0,0,0,0,0,0,0
"E E   ",490,9999,4,0,2008,3,0,0,2008-06-17 00:00:00.000,NULL,NULL,NULL,0,1.0,5.0,25.0,2,2009-02-05 00:00:00.000,0,5,0,J,"READINGS & RESEARCH ","                              ","Reading and Research                                                                                                    ","      ",0,0,0,"      ",0,"   ","          ","          ",0,0,0.00,0,"            ","      ","      ","  ",0," "," ",0,0,0,0,0,0,0,0,0,0,0,0,0,0,0,0,0,0,0,0,0,0,0,0,0,0,0,0,0,0,0,0,0
"E E   ",491,9999,4,0,2009,1,0,0,2008-11-18 00:00:00.000,NULL,NULL,NULL,0,1.0,0.0,2.0,1,2008-11-19 00:00:00.000,0,5,0,J,"UNDERGRAD SEMINAR   ","                              ","Undergraduate Seminar                                                                                                   ","      ",0,0,0,"      ",0,"   ","          ","          ",0,0,0.00,0,"            ","      ","      ","  ",0," "," ",0,0,0,0,0,0,0,0,0,0,0,0,0,0,0,0,0,0,0,0,0,0,0,0,0,0,0,0,0,0,0,0,0
"E E   ",492,9999,4,0,2017,1,0,0,2016-12-13 00:00:00.000,NULL,NULL,NULL,0,1.0,0.0,0.0,1,2017-04-14 00:00:00.000,0,5,0,J,"LEADERSHIP SEMINAR  ","                              ","Electrical Engineering Leadership Seminar                                                                               ","      ",0,0,0,"      ",0,"   ","          ","          ",0,0,0.00,0,"            ","      ","      ","  ",0,Y,N,0,0,0,0,0,0,0,0,0,0,0,0,0,0,0,0,0,0,0,0,0,0,0,0,0,0,0,0,0,0,0,0,0
"E E   ",496,9999,4,0,2017,4,0,0,2017-06-06 00:00:00.000,NULL,NULL,NULL,0,2.0,0.0,0.0,1,2017-06-23 00:00:00.000,0,0,0,J,ENGR ENTRE SYS & DES,"                              ","Engineering Entrepreneurial Systems and Design                                                                          ","      ",0,0,0,"      ",0,"   ","          ","          ",0,0,0.00,0,"            ","      ","      ","  ",0,Y,N,0,0,0,0,0,0,0,0,0,0,0,0,0,0,0,0,0,0,0,0,0,0,0,0,0,0,0,0,0,0,0,0,0
"E E   ",497,9999,4,0,2020,4,0,0,2015-12-15 00:00:00.000,NULL,NULL,NULL,0,4.0,0.0,0.0,1,2020-10-26 00:00:00.000,12,0,0,J,"ENTREP CAPSTONE     ","                              ","Engineering Entrepreneurial Capstone                                                                                    ","      ",0,0,0,"      ",0,"   ","          ","          ",0,0,0.00,0,"            ","      ","      ","  ",0,Y,N,0,0,0,0,0,0,0,0,0,0,0,0,0,0,0,0,0,0,0,0,0,0,0,0,0,0,0,0,0,0,0,0,0
"E E   ",498,9999,4,0,2020,4,0,0,2015-12-15 00:00:00.000,NULL,NULL,NULL,497,4.0,0.0,0.0,1,2020-10-26 00:00:00.000,22,0,0,J,"ENTREP CAPSTONE     ","                              ","Engineering Entrepreneurial Capstone                                                                                    ","E E   ",0,0,0,"      ",0,"   ","          ","          ",0,0,0.00,0,"            ","      ","      ","  ",0,N,N,0,1,0,0,0,0,0,0,0,0,0,0,0,0,0,0,0,0,0,0,0,0,0,0,0,0,0,0,0,0,0,0,0
"E E   ",499,9999,4,0,2017,1,0,0,NULL,NULL,NULL,NULL,0,1.0,5.0,10.0,2,2016-06-13 00:00:00.000,0,0,0,J,"UG RSCH-SP PROJECT  ","                              ","Undergraduate Research and Special Projects                                                                             ","      ",0,0,0,"      ",0,"   ","          ","          ",0,0,0.00,0,"            ","      ","      ","  ",0," "," ",0,0,0,0,0,1,0,0,0,0,0,0,0,0,0,0,0,0,0,0,0,0,0,0,0,0,0,0,0,0,0,0,0
"E E   ",500,9999,4,0,2008,4,0,0,1987-01-29 00:00:00.000,2008-04-15 00:00:00.000,NULL,NULL,0,1.0,0.0,9.0,1,2008-04-16 00:00:00.000,0,5,0,J,"GRADUATE SEMINAR    ","CHG MAX CREDITS               ","Graduate Seminar                                                                                                        ","      ",0,0,0,"      ",0,"   ","          ","          ",0,0,0.00,0,"            ","      ","      ","  ",0," "," ",0,0,0,0,0,1,0,0,0,0,0,0,0,0,0,0,0,0,0,0,0,0,0,0,0,0,0,0,0,0,0,0,0
"E E   ",503,9999,4,0,2022,2,0,0,2006-12-13 00:00:00.000,NULL,NULL,NULL,0,4.0,0.0,0.0,1,2021-11-19 00:00:00.000,0,0,0,J,"MODELING OF MEMS    ","                              ","Modeling of MEMS                                                                                                        ","      ",0,0,503,"E E   ",0,"   ","          ","          ",0,0,0.00,0,"            ","      ","      ","  ",0,Y,N,0,0,0,0,0,0,0,0,0,0,0,0,0,0,0,0,0,0,0,0,0,0,0,0,0,0,0,0,0,0,0,0,0
"E E   ",504,9999,4,0,2019,3,0,0,1999-09-20 00:00:00.000,NULL,NULL,NULL,0,4.0,0.0,0.0,1,2018-12-20 00:00:00.000,0,0,0,J,"INTRO TO MEMS       ","                              ","Introduction to Microelectro Mechanical Systems                                                                         ","      ",0,0,504,"E E   ",0,"   ","          ","          ",0,0,0.00,0,"            ","      ","      ","  ",0,N,N,0,0,0,0,0,0,0,0,0,0,0,0,0,0,0,0,0,0,0,0,0,0,0,0,0,0,0,0,0,0,0,0,0
"E E   ",505,9999,4,0,1999,3,0,0,1975-09-25 00:00:00.000,1999-02-03 00:00:00.000,NULL,NULL,0,4.0,0.0,0.0,1,2006-10-17 00:00:00.000,0,0,0,J,"PROB & RAND PROCESS ","CHANGE TITLE & PREREQS        ","Probability and Random Processes                                                                                        ","      ",0,0,0,"      ",0,"   ","          ","          ",0,0,0.00,0,"            ","      ","      ","  ",0," "," ",0,0,0,0,0,0,0,0,0,0,0,0,0,0,0,0,0,0,0,0,0,0,0,0,0,0,0,0,0,0,0,0,0
"E E   ",506,9999,4,0,2017,4,0,0,NULL,NULL,NULL,NULL,0,4.0,0.0,0.0,1,2017-06-08 00:00:00.000,0,0,0,J,"FUND OF WIRE COMM   ","                              ","Fundamentals of Wireless Communication                                                                                  ","      ",0,0,0,"      ",0,"   ","          ","          ",0,0,0.00,0,"            ","      ","      ","  ",0,N,N,0,0,0,0,0,0,0,0,0,0,0,0,0,0,0,0,0,0,0,0,0,0,0,0,0,0,0,0,0,0,0,0,0
"E E   ",508,9999,4,0,2009,1,0,0,1970-07-16 00:00:00.000,NULL,NULL,NULL,0,3.0,0.0,0.0,1,2016-03-04 00:00:00.000,0,0,0,J,"STOC PROC IN ENGR   ","CHG TTL,DSC,PREQ, ADD JT STAT ","Stochastic Processes in Engineering                                                                                     ","      ",0,0,508,"E E   ",0,"   ","          ","          ",0,0,0.00,0,"            ","      ","      ","  ",0," "," ",0,0,0,0,0,0,0,0,0,0,0,0,0,0,0,0,0,0,0,0,0,0,0,0,0,0,0,0,0,0,0,0,0
"E E   ",510,9999,4,0,2014,4,0,0,1991-10-24 00:00:00.000,2014-07-31 00:00:00.000,NULL,NULL,0,4.0,0.0,0.0,1,2014-07-31 00:00:00.000,0,0,0,J,"MATH FOUND SYST THR ","14-16 PREQ CHG                ","Mathematical Foundations of Systems Theory                                                                              ","      ",0,0,510,"E E   ",0,"   ","          ","          ",0,0,0.00,0,"            ","      ","      ","  ",0," "," ",0,0,0,0,0,0,0,0,0,0,0,0,0,0,0,0,0,0,0,0,0,0,0,0,0,0,0,0,0,0,0,0,0
"E E   ",511,9999,4,0,2005,1,0,0,2004-08-20 00:00:00.000,NULL,NULL,NULL,0,4.0,0.0,0.0,1,2004-09-28 00:00:00.000,0,0,0,J,"STAT LEARNING       ","                              ","Introduction to Statistical Learning                                                                                    ","      ",0,0,0,"      ",0,"   ","          ","          ",0,0,0.00,0,"            ","      ","      ","  ",0," "," ",0,0,0,0,0,0,0,0,0,0,0,0,0,0,0,0,0,0,0,0,0,0,0,0,0,0,0,0,0,0,0,0,0
"E E   ",512,9999,4,0,2006,2,0,0,2004-08-20 00:00:00.000,NULL,NULL,NULL,0,4.0,0.0,0.0,1,2004-09-28 00:00:00.000,0,0,0,J,"GRAPHICAL MODELS    ","                              ","Graphical Models in Pattern Recognition                                                                                 ","      ",0,0,0,"      ",0,"   ","          ","          ",0,0,0.00,0,"            ","      ","      ","  ",0," "," ",0,0,0,0,0,0,0,0,0,0,0,0,0,0,0,0,0,0,0,0,0,0,0,0,0,0,0,0,0,0,0,0,0
"E E   ",514,9999,4,0,2005,1,0,0,2004-08-20 00:00:00.000,NULL,NULL,NULL,0,4.0,0.0,0.0,1,2004-08-24 00:00:00.000,0,0,0,J,"INFO THEORY I       ","                              ","Information Theory I                                                                                                    ","      ",0,0,0,"      ",0,"   ","          ","          ",0,0,0.00,0,"            ","      ","      ","  ",0," "," ",0,0,0,0,0,0,0,0,0,0,0,0,0,0,0,0,0,0,0,0,0,0,0,0,0,0,0,0,0,0,0,0,0
"E E   ",515,9999,4,0,2005,2,0,0,2004-08-20 00:00:00.000,NULL,NULL,NULL,0,4.0,0.0,0.0,1,2004-08-24 00:00:00.000,0,0,0,J,"INFO THEORY II      ","                              ","Information Theory II                                                                                                   ","      ",0,0,0,"      ",0,"   ","          ","          ",0,0,0.00,0,"            ","      ","      ","  ",0," "," ",0,0,0,0,0,0,0,0,0,0,0,0,0,0,0,0,0,0,0,0,0,0,0,0,0,0,0,0,0,0,0,0,0
"E E   ",516,9999,4,0,2001,1,0,0,2000-06-28 00:00:00.000,NULL,NULL,NULL,0,4.0,0.0,0.0,1,2000-06-29 00:00:00.000,0,0,0,J,"COMP SPEECH PROC    ","                              ","Computer Speech Processing                                                                                              ","      ",0,0,0,"      ",0,"   ","          ","          ",0,0,0.00,0,"            ","      ","      ","  ",0," "," ",0,0,0,0,0,0,0,0,0,0,0,0,0,0,0,0,0,0,0,0,0,0,0,0,0,0,0,0,0,0,0,0,0
"E E   ",517,9999,4,0,2016,1,0,0,2000-06-28 00:00:00.000,2015-11-17 00:00:00.000,NULL,NULL,0,4.0,0.0,0.0,1,2015-11-19 00:00:00.000,0,0,0,J,"CON-SPACE PROC      ","                              ","Continuous-Space Language Processing                                                                                    ","      ",0,0,0,"      ",0,"   ","          ","          ",0,0,0.00,0,"            ","      ","      ","  ",0," "," ",0,0,0,0,0,0,0,0,0,0,0,0,0,0,0,0,0,0,0,0,0,0,0,0,0,0,0,0,0,0,0,0,0
"E E   ",518,9999,4,0,2019,2,0,0,1971-03-18 00:00:00.000,NULL,NULL,NULL,0,4.0,0.0,0.0,1,2018-12-20 00:00:00.000,0,0,0,J,"DIGITAL SIGNAL PROC ","                              ","Digital Signal Processing                                                                                               ","      ",0,0,0,"      ",0,"   ","          ","          ",0,0,0.00,0,"            ","      ","      ","  ",0,N,N,0,0,0,0,0,0,0,0,0,0,0,0,0,0,0,0,0,0,0,0,0,0,0,0,0,0,0,0,0,0,0,0,0
"E E   ",519,9999,4,0,1982,2,0,0,1971-06-03 00:00:00.000,1981-10-22 00:00:00.000,NULL,NULL,0,4.0,0.0,0.0,1,2006-10-17 00:00:00.000,0,0,0,J,"STOCHASTIC ANALYSIS ","CHG TITLES, CRDT, DESC        ","Stochastic Analysis of Data From Physical Systems                                                                       ","      ",0,0,0,"      ",0,"   ","          ","          ",0,0,0.00,0,"            ","      ","      ","  ",0," "," ",0,0,0,0,0,0,0,0,0,0,0,0,0,0,0,0,0,0,0,0,0,0,0,0,0,0,0,0,0,0,0,0,0
"E E   ",520,9999,4,0,2021,2,0,0,1981-06-01 00:00:00.000,2014-07-29 00:00:00.000,NULL,NULL,0,4.0,0.0,0.0,1,2020-10-14 00:00:00.000,0,0,0,J,"SPCTR ANLYS TME SER ","                              ","Spectral Analysis of Time Series                                                                                        ","      ",0,0,520,"STAT  ",0,"   ","          ","          ",0,0,0.00,0,"            ","      ","      ","  ",0,N,N,0,0,0,0,0,0,0,0,0,0,0,0,0,0,0,0,0,0,0,0,0,0,0,0,0,0,0,0,0,0,0,0,0
"E E   ",521,9999,4,0,2022,1,0,0,2011-05-17 00:00:00.000,NULL,NULL,NULL,0,4.0,0.0,0.0,1,2021-03-11 00:00:00.000,0,0,0,J,"QUANTUM MECH ENGRS  ","                              ","Quantum Mechanics for Engineers                                                                                         ","      ",0,0,0,"      ",0,"   ","          ","          ",0,0,0.00,0,"            ","      ","      ","  ",0,N,N,0,0,0,0,0,0,0,0,0,0,0,0,0,0,0,0,0,0,0,0,0,0,0,0,0,0,0,0,0,0,0,0,0
"E E   ",523,9999,4,0,2022,1,0,0,2009-11-17 00:00:00.000,NULL,NULL,NULL,0,3.0,0.0,0.0,1,2021-05-13 00:00:00.000,0,0,0,J,"INTRO SYNTH BIO     ","                              ","Introduction to Synthetic Biology                                                                                       ","      ",0,0,523,"E E   ",0,"   ","          ","          ",0,0,0.00,0,"            ","      ","      ","  ",0,N,N,0,0,0,0,0,0,0,0,0,0,0,0,0,0,0,0,0,0,0,0,0,0,0,0,0,0,0,0,0,0,0,0,0
"E E   ",524,9999,4,0,2011,4,0,0,2009-11-17 00:00:00.000,2011-08-16 00:00:00.000,NULL,NULL,0,3.0,0.0,0.0,1,2016-03-21 00:00:00.000,0,0,0,J,"ADV SYNTHETIC BIO   ","CHG DESC                      ","Advanced Systems and Synthetic Biology                                                                                  ","      ",0,0,524,"BIOEN ",0,"   ","          ","          ",0,0,0.00,0,"            ","      ","      ","  ",0,N,N,0,0,0,0,0,0,0,0,0,0,0,0,0,0,0,0,0,0,0,0,0,0,0,0,0,0,0,0,0,0,0,0,0
"E E   ",525,9999,4,0,2019,3,0,0,2000-08-23 00:00:00.000,NULL,NULL,NULL,0,5.0,0.0,0.0,1,2019-08-22 00:00:00.000,0,0,0,J,"VLSI II             ","                              ","VLSI II                                                                                                                 ","      ",0,0,0,"      ",0,"   ","          ","          ",0,1,50.00,69330,"            ","      ",943081,"9 ",0,N,N,0,0,0,0,0,0,0,0,0,0,0,0,0,0,0,0,0,0,0,0,0,0,0,0,0,0,0,0,0,0,0,0,0
"E E   ",526,9999,4,0,2021,2,0,0,NULL,2000-06-28 00:00:00.000,NULL,NULL,0,5.0,0.0,0.0,1,2020-09-21 00:00:00.000,0,0,0,J,"DIG DESIGN PROJECTS ","                              ","Capstone Integrated Digital Design Projects                                                                             ","      ",0,0,0,"      ",0,"   ","          ","          ",0,1,50.00,69330,"            ","      ",943081,"9 ",0,N,N,0,0,0,0,0,0,0,0,0,0,0,0,0,0,0,0,0,0,0,0,0,0,0,0,0,0,0,0,0,0,0,0,0
"E E   ",527,9999,4,0,2019,2,0,0,1991-01-31 00:00:00.000,NULL,NULL,NULL,0,4.0,0.0,0.0,1,2018-12-20 00:00:00.000,0,0,0,J,"MICROFABRICATION    ","                              ","Microfabrication                                                                                                        ","      ",0,0,0,"      ",0,"   ","          ","          ",0,0,0.00,0,"            ","      ","      ","  ",0,N,N,0,0,0,0,0,0,0,0,0,0,0,0,0,0,0,0,0,0,0,0,0,0,0,0,0,0,0,0,0,0,0,0,0
"E E   ",529,9999,4,0,2016,2,0,0,NULL,2015-12-15 00:00:00.000,NULL,NULL,0,4.0,0.0,0.0,1,2015-12-20 00:00:00.000,0,0,0,J,"SEMICOND OPTOELEC   ","                              ","Semiconductor Optoelectronics                                                                                           ","      ",0,0,529,"E E   ",0,"   ","          ","          ",0,0,0.00,0,"            ","      ","      ","  ",0," "," ",0,0,0,0,0,0,0,0,0,0,0,0,0,0,0,0,0,0,0,0,0,0,0,0,0,0,0,0,0,0,0,0,0
"E E   ",530,9999,4,0,2021,2,0,0,1996-01-24 00:00:00.000,NULL,NULL,NULL,0,3.0,0.0,0.0,1,2020-11-09 00:00:00.000,0,0,0,J,"WAVELETS            ","                              ","Wavelets: Data Analysis, Algorithms, and Theory                                                                         ","      ",0,0,530,"STAT  ",0,"   ","          ","          ",0,0,0.00,0,"            ","      ","      ","  ",0,Y,N,0,0,0,0,0,0,0,0,0,0,0,0,0,0,0,0,0,0,0,0,0,0,0,0,0,0,0,0,0,0,0,0,0
"E E   ",531,9999,4,0,2014,4,0,0,1988-06-09 00:00:00.000,2014-07-31 00:00:00.000,NULL,NULL,0,4.0,0.0,0.0,1,2014-07-31 00:00:00.000,0,0,0,J,"SEMI DEV&DEV SIMUL  ","14-16 PREQ CHG                ","Semiconductor Devices and Device Simulation                                                                             ","      ",0,0,0,"      ",0,"   ","          ","          ",0,0,0.00,0,"            ","      ","      ","  ",0," "," ",0,0,0,0,0,0,0,0,0,0,0,0,0,0,0,0,0,0,0,0,0,0,0,0,0,0,0,0,0,0,0,0,0
"E E   ",532,9999,4,0,2021,4,0,0,2021-02-16 00:00:00.000,NULL,NULL,NULL,0,5.0,0.0,0.0,1,2021-02-23 00:00:00.000,0,0,0,J,"PWR ELECTRONIC DES  ","                              ","Power Electronics Design                                                                                                ","      ",0,0,0,"      ",0,"   ","          ","          ",0,0,0.00,0,"            ","      ","      ","  ",0,Y,N,0,0,0,0,0,0,0,0,0,0,0,0,0,0,0,0,0,0,0,0,0,0,0,0,0,0,0,0,0,0,0,0,0
"E E   ",533,9999,4,0,2022,1,0,0,2021-02-16 00:00:00.000,NULL,NULL,NULL,0,5.0,0.0,0.0,1,2021-10-08 00:00:00.000,0,0,0,J,"POWER ELEC CONTROLS ","                              ","Power Electronics Contols                                                                                               ","      ",0,0,0,"      ",0,"   ","          ","          ",0,0,0.00,0,"            ","      ","      ","  ",0,Y,N,0,0,0,0,0,0,0,0,0,0,0,0,0,0,0,0,0,0,0,0,0,0,0,0,0,0,0,0,0,0,0,0,0
"E E   ",534,9999,4,0,2022,1,0,0,1978-06-01 00:00:00.000,NULL,NULL,NULL,0,5.0,0.0,0.0,1,2021-12-16 00:00:00.000,0,0,0,J,"ELECTRIC DRIVES     ","                              ","Electric Drives                                                                                                         ","      ",0,0,0,"      ",0,"   ","          ","          ",0,0,0.00,0,"            ","      ","      ","  ",0,Y,N,0,0,0,0,0,0,0,0,0,0,0,0,0,0,0,0,0,0,0,0,0,0,0,0,0,0,0,0,0,0,0,0,0
"E E   ",535,9999,4,0,2021,2,0,0,2020-01-21 00:00:00.000,NULL,NULL,NULL,0,4.0,0.0,0.0,1,2020-01-23 00:00:00.000,0,0,0,J,"APP NANOPHOTONICS   ","                              ","Applied Nanophotonics                                                                                                   ","      ",0,0,0,"      ",0,"   ","          ","          ",0,0,0.00,0,"            ","      ","      ","  ",0,Y,N,0,0,0,0,0,0,0,0,0,0,0,0,0,0,0,0,0,0,0,0,0,0,0,0,0,0,0,0,0,0,0,0,0
"E E   ",536,9999,4,0,2014,4,0,0,1986-04-28 00:00:00.000,2014-07-31 00:00:00.000,NULL,NULL,0,4.0,0.0,0.0,1,2014-07-31 00:00:00.000,0,0,0,J,"ANALOG IC SYSTEMS   ","14-16 PREQ CHG                ","Design of Analog Integrated Circuits and Systems                                                                        ","      ",0,0,0,"      ",0,"   ","          ","          ",0,0,0.00,0,"            ","      ","      ","  ",0," "," ",0,0,0,0,0,0,0,0,0,0,0,0,0,0,0,0,0,0,0,0,0,0,0,0,0,0,0,0,0,0,0,0,0
"E E   ",537,9999,4,0,1994,1,0,0,1993-10-27 00:00:00.000,NULL,NULL,NULL,0,3.0,0.0,0.0,1,1993-10-27 00:00:00.000,0,0,0,J,"COMP METHOD SIMULAT ","                              ","Computation Methods for Circuit Analysis and Simulation                                                                 ","      ",0,0,0,"      ",0,"   ","          ","          ",0,0,0.00,0,"            ","      ","      ","  ",0," "," ",0,0,0,0,0,0,0,0,0,0,0,0,0,0,0,0,0,0,0,0,0,0,0,0,0,0,0,0,0,0,0,0,0
"E E   ",538,9999,4,0,2014,4,0,0,1972-03-02 00:00:00.000,2014-07-31 00:00:00.000,NULL,NULL,0,1.0,5.0,16.0,2,2014-07-31 00:00:00.000,0,0,0,J,"TOP ELECT CIR DES   ","14-16 PREQ CHG                ","Topics in Electronic Circuit Design                                                                                     ","      ",0,0,0,"      ",0,"   ","          ","          ",0,0,0.00,0,"            ","      ","      ","  ",0," "," ",0,0,0,0,0,0,0,0,0,0,0,0,0,0,0,0,0,0,0,0,0,0,0,0,0,0,0,0,0,0,0,0,0
"E E   ",539,9999,4,0,2014,4,0,0,1970-11-19 00:00:00.000,2014-07-31 00:00:00.000,NULL,NULL,0,1.0,5.0,16.0,2,2014-07-31 00:00:00.000,0,0,0,J,"TPCS IN SOLID STATE ","14-16 PREQ CHG                ","Advanced Topics in Solid-State Electronics                                                                              ","      ",0,0,0,"      ",0,"   ","          ","          ",0,0,0.00,0,"            ","      ","      ","  ",0," "," ",0,0,0,0,0,1,0,0,0,0,0,0,0,0,0,0,0,0,0,0,0,0,0,0,0,0,0,0,0,0,0,0,0
"E E   ",541,9999,4,0,2008,1,0,0,1996-02-23 00:00:00.000,2007-06-20 00:00:00.000,NULL,NULL,0,4.0,0.0,0.0,1,2007-06-21 00:00:00.000,0,0,0,J,"AUTOMATIC LAYOUT    ","CHG PREQ                      ","Automatic Layout of Integrated Circuits                                                                                 ","      ",0,0,0,"      ",0,"   ","          ","          ",0,0,0.00,0,"            ","      ","      ","  ",0,N,N,0,0,0,0,0,0,0,0,0,0,0,0,0,0,0,0,0,0,0,0,0,0,0,0,0,0,0,0,0,0,0,0,0
"E E   ",542,9999,4,0,2006,4,0,0,2006-05-17 00:00:00.000,NULL,NULL,NULL,0,5.0,0.0,0.0,1,2014-07-31 00:00:00.000,0,0,0,J,"ADV EMBD SYS DESIGN ","                              ","Advanced Embedded Systems Design                                                                                        ","      ",0,0,0,"      ",0,"   ","          ","          ",0,0,0.00,0,"            ","      ","      ","  ",0," "," ",0,0,0,0,0,0,0,0,0,0,0,0,0,0,0,0,0,0,0,0,0,0,0,0,0,0,0,0,0,0,0,0,0
"E E   ",543,9999,4,0,2014,4,0,0,1992-05-29 00:00:00.000,2014-07-31 00:00:00.000,NULL,NULL,0,4.0,0.0,0.0,1,2014-07-31 00:00:00.000,0,0,0,J,"ROBOT MANIPULATION  ","14-16 PREQ CHG                ","Models of Robot Manipulation                                                                                            ","      ",0,0,0,"      ",0,"   ","          ","          ",0,0,0.00,0,"            ","      ","      ","  ",0," "," ",0,0,0,0,0,0,0,0,0,0,0,0,0,0,0,0,0,0,0,0,0,0,0,0,0,0,0,0,0,0,0,0,0
"E E   ",546,9999,4,0,2010,2,0,0,NULL,2010-01-19 00:00:00.000,NULL,NULL,0,1.0,5.0,16.0,2,2010-01-20 00:00:00.000,0,0,0,J,"CONTROL SYS THEORY  ","CHG MAX. CREDITS              ","Advanced Topics in Control System Theory                                                                                ","      ",0,0,0,"      ",0,"   ","          ","          ",0,0,0.00,0,"            ","      ","      ","  ",0," "," ",0,0,0,0,0,0,0,0,0,0,0,0,0,0,0,0,0,0,0,0,0,0,0,0,0,0,0,0,0,0,0,0,0
"E E   ",547,9999,4,0,2021,1,0,0,NULL,NULL,NULL,NULL,0,4.0,0.0,0.0,1,2020-10-26 00:00:00.000,0,0,0,J,"LINEAR SYSTEMS      ","                              ","Linear Systems Theory                                                                                                   ","      ",0,0,547,"E E   ",0,"   ","          ","          ",0,0,0.00,0,"            ","      ","      ","  ",0,N,N,0,0,0,0,0,0,0,0,0,0,0,0,0,0,0,0,0,0,0,0,0,0,0,0,0,0,0,0,0,0,0,0,0
"E E   ",548,9999,4,0,2005,4,0,0,NULL,2005-03-29 00:00:00.000,NULL,NULL,0,3.0,0.0,0.0,1,2006-10-17 00:00:00.000,0,0,0,J,"LIN MULTVAR CONTROL ","   CHG PREREQ                 ","Linear Multivariable Control                                                                                            ","      ",0,0,548,"E E   ",0,"   ","          ","          ",0,0,0.00,0,"            ","      ","      ","  ",0," "," ",0,0,0,0,0,0,0,0,0,0,0,0,0,0,0,0,0,0,0,0,0,0,0,0,0,0,0,0,0,0,0,0,0
"E E   ",549,9999,4,0,2012,4,0,0,1981-09-19 00:00:00.000,2012-04-24 00:00:00.000,NULL,NULL,0,3.0,0.0,0.0,1,2021-04-13 00:00:00.000,0,0,0,J,ST EST & KALMAN FLTR,"EMAIL PREQ CHG                ","Estimation and System Identification                                                                                    ","      ",0,0,549,"E E   ",0,"   ","          ","          ",0,0,0.00,0,"            ","      ","      ","  ",0,N,N,0,0,0,0,0,0,0,0,0,0,0,0,0,0,0,0,0,0,0,0,0,0,0,0,0,0,0,0,0,0,0,0,0
"E E   ",550,9999,4,0,2014,4,0,0,1981-09-19 00:00:00.000,2014-07-31 00:00:00.000,NULL,NULL,0,3.0,0.0,0.0,1,2014-07-31 00:00:00.000,0,0,0,J,"NONLIN OPT CONTROL  ","14-16 PREQ CHG                ","Nonlinear Optimal Control                                                                                               ","      ",0,0,550,"E E   ",0,"   ","          ","          ",0,0,0.00,0,"            ","      ","      ","  ",0," "," ",0,0,0,0,0,0,0,0,0,0,0,0,0,0,0,0,0,0,0,0,0,0,0,0,0,0,0,0,0,0,0,0,0
"E E   ",551,9999,4,0,2011,2,0,0,2010-05-18 00:00:00.000,NULL,NULL,NULL,0,4.0,0.0,0.0,1,2010-05-26 00:00:00.000,0,0,0,J,"WIND ENERGY         ","                              ","Wind Energy                                                                                                             ","      ",0,0,0,"      ",0,"   ","          ","          ",0,0,0.00,0,"            ","      ","      ","  ",0," "," ",0,0,0,0,0,0,0,0,0,0,0,0,0,0,0,0,0,0,0,0,0,0,0,0,0,0,0,0,0,0,0,0,0
"E E   ",552,9999,4,0,2014,4,0,0,1983-05-01 00:00:00.000,2014-07-31 00:00:00.000,NULL,NULL,0,4.0,0.0,0.0,1,2014-07-31 00:00:00.000,0,0,0,J,"POWER SYS CONTROL   ","14-16 PREQ CHG                ","Power Systems Dynamics and Control                                                                                      ","      ",0,0,0,"      ",0,"   ","          ","          ",0,0,0.00,0,"            ","      ","      ","  ",0," "," ",0,0,0,0,0,0,0,0,0,0,0,0,0,0,0,0,0,0,0,0,0,0,0,0,0,0,0,0,0,0,0,0,0
"E E   ",553,9999,4,0,2019,1,0,0,1995-02-21 00:00:00.000,NULL,NULL,NULL,0,4.0,0.0,0.0,1,2019-01-17 00:00:00.000,0,0,0,J,"POWE SYS ECONOMICS  ","                              ","Power System Economics                                                                                                  ","      ",0,0,0,"      ",0,"   ","          ","          ",0,0,0.00,0,"            ","      ","      ","  ",0,N,N,0,0,0,0,0,0,0,0,0,0,0,0,0,0,0,0,0,0,0,0,0,0,0,0,0,0,0,0,0,0,0,0,0
"E E   ",554,9999,4,0,2014,4,0,0,1985-06-01 00:00:00.000,2014-07-31 00:00:00.000,NULL,NULL,0,4.0,0.0,0.0,1,2014-07-31 00:00:00.000,0,0,0,J,"LARGE ELEC ENRG SYS ","14-16 PREQ CHG                ","Large Electric Energy Systems Analysis                                                                                  ","      ",0,0,0,"      ",0,"   ","          ","          ",0,0,0.00,0,"            ","      ","      ","  ",0," "," ",0,0,0,0,0,0,0,0,0,0,0,0,0,0,0,0,0,0,0,0,0,0,0,0,0,0,0,0,0,0,0,0,0
"E E   ",557,9999,4,0,2014,4,0,0,2014-06-03 00:00:00.000,NULL,NULL,NULL,0,4.0,0.0,0.0,1,2014-06-04 00:00:00.000,0,0,0,J,"DYN CONTROLLED SYS  ","                              ","Dynamics of Controlled Systems                                                                                          ","      ",0,0,0,"      ",0,"   ","          ","          ",0,0,0.00,0,"            ","      ","      ","  ",0," "," ",0,0,0,0,0,0,0,0,0,0,0,0,0,0,0,0,0,0,0,0,0,0,0,0,0,0,0,0,0,0,0,0,0
"E E   ",558,9999,4,0,2015,1,0,0,2014-06-03 00:00:00.000,NULL,NULL,NULL,0,4.0,0.0,0.0,1,2014-06-27 00:00:00.000,0,0,0,J,"DISTRIB AUTOMATION  ","                              ","Substation and Distribution Automation                                                                                  ","      ",0,0,0,"      ",0,"   ","          ","          ",0,0,0.00,0,"            ","      ","      ","  ",0," "," ",0,0,0,0,0,0,0,0,0,0,0,0,0,0,0,0,0,0,0,0,0,0,0,0,0,0,0,0,0,0,0,0,0
"E E   ",559,9999,4,0,2014,4,0,0,1980-09-18 00:00:00.000,2014-07-31 00:00:00.000,NULL,NULL,0,1.0,5.0,16.0,2,2014-07-31 00:00:00.000,0,0,0,J,"TOPICS ELEC ENERGY  ","14-16 PREQ CHG                ","Special Topics in Electrical Energy Systems                                                                             ","      ",0,0,0,"      ",0,"   ","          ","          ",0,0,0.00,0,"            ","      ","      ","  ",0," "," ",0,0,0,0,0,0,0,0,0,0,0,0,0,0,0,0,0,0,0,0,0,0,0,0,0,0,0,0,0,0,0,0,0
"E E   ",560,9999,4,0,2019,4,0,0,2016-06-07 00:00:00.000,NULL,NULL,NULL,0,3.0,0.0,0.0,1,2018-12-20 00:00:00.000,0,0,0,J,"NEURAL ENGINEERING  ","                              ","Neural Engineering                                                                                                      ","      ",0,0,560,"BIOEN ",0,"   ","          ","          ",0,0,0.00,0,"            ","      ","      ","  ",0,Y,N,0,0,0,0,0,0,0,0,0,0,0,0,0,0,0,0,0,0,0,0,0,0,0,0,0,0,0,0,0,0,0,0,0
"E E   ",561,9999,4,0,2019,4,0,0,2016-06-07 00:00:00.000,NULL,NULL,NULL,0,4.0,0.0,0.0,1,2019-12-03 00:00:00.000,0,0,0,J,"NEURAL TECH STUDIO  ","                              ","Neural Engineering Tech Studio                                                                                          ","      ",0,0,561,"BIOEN ",0,"   ","          ","          ",0,1,100.00,68908,"            ","      ",943081,"1 ",0,Y,N,0,0,0,0,0,0,0,0,0,0,0,0,0,0,0,0,0,0,0,0,0,0,0,0,0,0,0,0,0,0,0,0,0
"E E   ",562,9999,4,0,2014,4,0,0,1985-04-01 00:00:00.000,2014-07-31 00:00:00.000,NULL,NULL,0,3.0,0.0,0.0,1,2014-07-31 00:00:00.000,0,0,0,J,"AI FOR ENGINEERS    ","14-16 PREQ CHG                ","Artificial Intelligence for Engineers                                                                                   ","      ",0,0,0,"      ",0,"   ","          ","          ",0,0,0.00,0,"            ","      ","      ","  ",0," "," ",0,0,0,0,0,0,0,0,0,0,0,0,0,0,0,0,0,0,0,0,0,0,0,0,0,0,0,0,0,0,0,0,0
"E E   ",563,9999,4,0,2018,2,0,0,2018-02-20 00:00:00.000,NULL,NULL,NULL,0,4.0,0.0,0.0,1,2018-02-22 00:00:00.000,0,0,0,J,"SUBMODULAR OPT      ","                              ","Submodular Functions, Optimization, and Applications                                                                    ","      ",0,0,0,"      ",0,"   ","          ","          ",0,0,0.00,0,"            ","      ","      ","  ",0,Y,N,0,0,0,0,0,0,0,0,0,0,0,0,0,0,0,0,0,0,0,0,0,0,0,0,0,0,0,0,0,0,0,0,0
"E E   ",564,9999,4,0,2021,1,0,0,2017-02-21 00:00:00.000,NULL,NULL,NULL,0,4.0,0.0,0.0,1,2021-07-26 00:00:00.000,0,0,0,J,"NEUROCOMP/ENGR LAB  ","                              ","Neural Computation and Engineering Laboratory                                                                           ","      ",0,0,566,"BIOEN ",0,"   ","          ","          ",0,1,50.00,68908,"            ","      ",943081,"1 ",0,N,N,0,0,0,0,0,0,0,0,0,0,0,0,0,0,0,0,0,0,0,0,0,0,0,0,0,0,0,0,0,0,0,0,0
"E E   ",565,9999,4,0,2014,4,0,0,1986-06-12 00:00:00.000,2014-07-31 00:00:00.000,NULL,NULL,0,4.0,0.0,0.0,1,2014-07-31 00:00:00.000,0,0,0,J,"COMPUT-COMM NETS I  ","14-16 PREQ CHG                ","Computer-Communication Networks I                                                                                       ","      ",0,0,0,"      ",0,"   ","          ","          ",0,0,0.00,0,"            ","      ","      ","  ",0," "," ",0,0,0,0,0,0,0,0,0,0,0,0,0,0,0,0,0,0,0,0,0,0,0,0,0,0,0,0,0,0,0,0,0
"E E   ",568,9999,4,0,2016,1,0,0,1987-09-01 00:00:00.000,2015-10-20 00:00:00.000,NULL,NULL,0,4.0,0.0,0.0,1,2015-10-21 00:00:00.000,0,0,0,J,"DIGITAL IMAGE PROC  ","                              ","Digital Image Processing                                                                                                ","      ",0,0,0,"      ",0,"   ","          ","          ",0,0,0.00,0,"            ","      ","      ","  ",0," "," ",0,0,0,0,0,0,0,0,0,0,0,0,0,0,0,0,0,0,0,0,0,0,0,0,0,0,0,0,0,0,0,0,0
"E E   ",570,9999,4,0,2007,4,0,0,2007-02-21 00:00:00.000,NULL,NULL,NULL,0,3.0,0.0,0.0,1,2020-05-07 00:00:00.000,0,0,0,J,"MANIFOLDS AND GEOM  ","                              ","Manifolds and Geometry for Systems and Control                                                                          ","      ",0,0,570,"A A   ",0,"   ","          ","          ",0,0,0.00,0,"            ","      ","      ","  ",0,N,N,0,0,0,0,0,0,0,0,0,0,1,0,0,0,0,0,0,0,0,0,0,0,0,0,0,0,0,0,0,0,0,0,0
"E E   ",572,9999,4,0,2016,1,0,0,NULL,2015-08-18 00:00:00.000,NULL,NULL,0,4.0,0.0,0.0,1,2015-08-19 00:00:00.000,0,0,0,J,"EM I: MWAVE ENGR    ","                              ","Electromagnetics I: Microwave Engineering                                                                               ","      ",0,0,0,"      ",0,"   ","          ","          ",0,0,0.00,0,"            ","      ","      ","  ",0," "," ",0,0,0,0,0,0,0,0,0,0,0,0,0,0,0,0,0,0,0,0,0,0,0,0,0,0,0,0,0,0,0,0,0
"E E   ",574,9999,4,0,2016,2,0,0,2015-09-15 00:00:00.000,NULL,NULL,NULL,0,4.0,0.0,0.0,1,2015-09-23 00:00:00.000,0,0,0,J,"ANTENNAS            ","                              ","Antennas: Analysis and Design                                                                                           ","      ",0,0,0,"      ",0,"   ","          ","          ",0,0,0.00,0,"            ","      ","      ","  ",0," "," ",0,0,0,0,0,0,0,0,0,0,0,0,0,0,0,0,0,0,0,0,0,0,0,0,0,0,0,0,0,0,0,0,0
"E E   ",575,9999,4,0,2016,1,0,0,1995-04-17 00:00:00.000,2015-08-18 00:00:00.000,NULL,NULL,0,4.0,0.0,0.0,1,2015-08-19 00:00:00.000,0,0,0,J,"RADAR REMOTE SENS   ","                              ","Radar Remote Sensing                                                                                                    ","      ",0,0,0,"      ",0,"   ","          ","          ",0,0,0.00,0,"            ","      ","      ","  ",0," "," ",0,0,0,0,0,0,0,0,0,0,0,0,0,0,0,0,0,0,0,0,0,0,0,0,0,0,0,0,0,0,0,0,0
"E E   ",576,9999,4,0,2014,4,0,0,1989-06-22 00:00:00.000,2014-09-19 00:00:00.000,NULL,NULL,0,3.0,0.0,0.0,1,2016-03-23 00:00:00.000,0,0,0,J,"COMPUTER VISION     ","14-16 PREQ CHG                ","Computer Vision                                                                                                         ","      ",0,0,576,"CSE   ",0,"   ","          ","          ",0,0,0.00,0,"            ","      ","      ","  ",0," "," ",0,0,0,0,0,0,0,0,0,0,0,0,0,0,0,0,0,0,0,0,0,0,0,0,0,0,0,0,0,0,0,0,0
"E E   ",577,9999,4,0,2014,4,0,0,2003-04-28 00:00:00.000,2014-07-31 00:00:00.000,NULL,NULL,0,3.0,0.0,0.0,1,2014-07-31 00:00:00.000,0,0,0,J,"COMPUTER VISION     ","14-16 PREQ CHG                ","Special Topics in Computer Vision                                                                                       ","      ",0,0,577,"CSE   ",0,"   ","          ","          ",0,0,0.00,0,"            ","      ","      ","  ",0," "," ",0,0,0,0,0,0,0,0,0,0,0,0,0,0,0,0,0,0,0,0,0,0,0,0,0,0,0,0,0,0,0,0,0
"E E   ",578,9999,4,0,2017,4,0,0,2005-03-29 00:00:00.000,NULL,NULL,NULL,0,4.0,0.0,0.0,1,2018-05-31 00:00:00.000,0,0,0,J,"CONVEX OPTIMIZATION ","                              ","Convex Optimization                                                                                                     ","      ",0,0,578,"E E   ",0,"   ","          ","          ",0,0,0.00,0,"            ","      ","      ","  ",0,N,N,0,0,0,0,0,0,0,0,0,0,0,0,0,0,0,0,0,0,0,0,0,0,0,0,0,0,0,0,0,0,0,0,0
"E E   ",579,9999,4,0,2014,4,0,0,1986-03-20 00:00:00.000,2014-07-31 00:00:00.000,NULL,NULL,0,1.0,5.0,16.0,2,2014-07-31 00:00:00.000,0,0,0,J,"TOPICS/EM,OPT,ACOUS ","14-16 PREQ CHG                ","Advanced Topics in Electromagnetics, Optics, and Acoustics                                                              ","      ",0,0,0,"      ",0,"   ","          ","          ",0,0,0.00,0,"            ","      ","      ","  ",0," "," ",0,0,0,0,0,0,0,0,0,0,0,0,0,0,0,0,0,0,0,0,0,0,0,0,0,0,0,0,0,0,0,0,0
"E E   ",580,9999,4,0,2007,2,0,0,2007-02-21 00:00:00.000,2016-02-25 00:00:00.000,NULL,NULL,0,3.0,0.0,0.0,1,2016-02-25 00:00:00.000,0,0,0,J,"GEOMETRIC METHODS   ","                              ","Geometric Methods for Non-Linear Control Systems                                                                        ","      ",0,0,580,"A A   ",0,"   ","          ","          ",0,0,0.00,0,"            ","      ","      ","  ",0," "," ",0,0,0,0,0,0,0,0,0,0,0,0,0,0,0,0,0,0,0,0,0,0,0,0,0,0,0,0,0,0,0,0,0
"E E   ",581,9999,4,0,2017,1,0,0,1996-04-29 00:00:00.000,NULL,NULL,NULL,0,4.0,0.0,0.0,1,2016-06-13 00:00:00.000,0,0,0,J,"DIGITAL CONTROL SYS ","                              ","Digital Control System Design                                                                                           ","      ",0,0,581,"M E   ",0,"   ","          ","          ",0,1,50.00,69397,"            ","      ",943081,"1 ",0,N,N,0,0,0,0,0,0,0,0,0,0,0,0,0,0,0,0,0,0,0,0,0,0,0,0,0,0,0,0,0,0,0,0,0
"E E   ",582,9999,4,0,2005,4,0,0,1996-04-29 00:00:00.000,2005-03-29 00:00:00.000,NULL,NULL,0,3.0,0.0,0.0,1,2016-03-22 00:00:00.000,0,0,0,J,"DISCRETE EVENT SYS  ","CHG TITLES, DESCRIP, PREREQ   ","Introduction to Discrete Event Systems                                                                                  ","      ",0,0,582,"M E   ",0,"   ","          ","          ",0,0,0.00,0,"            ","      ","      ","  ",0," "," ",0,0,0,0,0,0,0,0,0,0,0,0,0,0,0,0,0,0,0,0,0,0,0,0,0,0,0,0,0,0,0,0,0
"E E   ",583,9999,4,0,2005,4,0,0,NULL,2005-04-25 00:00:00.000,NULL,NULL,0,3.0,0.0,0.0,1,2019-12-06 00:00:00.000,0,0,0,J,"NONLINEAR CONTR SYS ","CHANGED JOINT STATUS,DESCR,PRE","Nonlinear Control Systems                                                                                               ","      ",0,0,583,"E E   ",0,"   ","          ","          ",0,0,0.00,0,"            ","      ","      ","  ",0,N,N,0,0,0,0,0,0,0,0,0,0,0,0,0,0,0,0,0,0,0,0,0,0,0,0,0,0,0,0,0,0,0,0,0
"E E   ",585,9999,4,0,2012,4,0,0,2005-03-29 00:00:00.000,2012-04-24 00:00:00.000,NULL,NULL,0,3.0,0.0,0.0,1,2012-04-24 00:00:00.000,0,0,0,J,"SYS ID & ADAPT CTRL ","EMAIL PREQ CHG                ","System Identification and Adaptive Control                                                                              ","      ",0,0,585,"E E   ",0,"   ","          ","          ",0,0,0.00,0,"            ","      ","      ","  ",0," "," ",0,0,0,0,0,0,0,0,0,0,0,0,0,0,0,0,0,0,0,0,0,0,0,0,0,0,0,0,0,0,0,0,0
"E E   ",586,9999,4,0,2014,4,0,0,1998-09-28 00:00:00.000,2014-07-31 00:00:00.000,NULL,NULL,0,4.0,0.0,0.0,1,2014-07-31 00:00:00.000,0,0,0,J,"DIG VID COD SYS     ","14-16 PREQ CHG                ","Digital Video Coding Systems                                                                                            ","      ",0,0,0,"      ",0,"   ","          ","          ",0,0,0.00,0,"            ","      ","      ","  ",0," "," ",0,0,0,0,0,0,0,0,0,0,0,0,0,0,0,0,0,0,0,0,0,0,0,0,0,0,0,0,0,0,0,0,0
"E E   ",589,9999,4,0,2014,4,0,0,1995-02-21 00:00:00.000,2014-07-31 00:00:00.000,NULL,NULL,0,3.0,0.0,0.0,1,2014-07-31 00:00:00.000,0,0,0,J,"ADV TOPIC SENSORS   ","14-16 PREQ CHG                ","Advanced Topics in Sensors and Sensor Systems                                                                           ","      ",0,0,0,"      ",0,"   ","          ","          ",0,0,0.00,0,"            ","      ","      ","  ",0," "," ",0,0,0,0,0,0,0,0,0,0,0,0,0,0,0,0,0,0,0,0,0,0,0,0,0,0,0,0,0,0,0,0,0
"E E   ",590,9999,4,0,2014,4,0,0,NULL,2014-07-31 00:00:00.000,NULL,NULL,0,2.0,5.0,16.0,2,2014-07-31 00:00:00.000,0,0,0,J,"ADV TPCS DIGT CMPUT ","14-16 PREQ CHG                ","Advanced Topics in Digital Computers                                                                                    ","      ",0,0,0,"      ",0,"   ","          ","          ",0,0,0.00,0,"            ","      ","      ","  ",0," "," ",0,0,0,0,0,1,0,0,0,0,0,0,0,0,0,0,0,0,0,0,0,0,0,0,0,0,0,0,0,0,0,0,0
"E E   ",591,9999,4,0,1996,4,0,0,1993-10-27 00:00:00.000,1996-01-24 00:00:00.000,NULL,NULL,0,1.0,0.0,30.0,1,2013-05-16 00:00:00.000,0,5,0,J,"ROBOT & CONTR COLL  ","5-2013 RETRO MAX              ","Robotics and Control Systems Colloquium                                                                                 ","      ",0,0,591,"A A   ",0,"   ","          ","          ",0,0,0.00,0,"            ","      ","      ","  ",0," "," ",0,0,0,0,0,1,0,0,0,0,0,0,0,0,0,0,0,0,0,0,0,0,0,0,0,0,0,0,0,0,0,0,0
"E E   ",593,9999,4,0,2006,2,0,0,2005-04-25 00:00:00.000,NULL,NULL,NULL,0,3.0,0.0,0.0,1,2016-03-22 00:00:00.000,0,0,0,J,"FEEDFORWARD CONTROL ","                              ","Feedforward Control                                                                                                     ","      ",0,0,593,"M E   ",0,"   ","          ","          ",0,0,0.00,0,"            ","      ","      ","  ",0," "," ",0,0,0,0,0,0,0,0,0,0,0,0,0,0,0,0,0,0,0,0,0,0,0,0,0,0,0,0,0,0,0,0,0
"E E   ",594,9999,4,0,2010,1,0,0,2005-03-29 00:00:00.000,2009-08-18 00:00:00.000,NULL,NULL,0,3.0,0.0,0.0,1,2016-03-21 00:00:00.000,0,0,0,J,"ROBUST CONTROL      ","CHG PREQ                      ","Robust Control                                                                                                          ","      ",0,0,594,"A A   ",0,"   ","          ","          ",0,0,0.00,0,"            ","      ","      ","  ",0," "," ",0,0,0,0,0,0,0,0,0,0,0,0,0,0,0,0,0,0,0,0,0,0,0,0,0,0,0,0,0,0,0,0,0
"E E   ",595,9999,4,0,2014,4,0,0,NULL,2014-07-31 00:00:00.000,NULL,NULL,0,1.0,5.0,16.0,2,2014-07-31 00:00:00.000,0,0,0,J,"ADV TPCS CMU THRY   ","14-16 PREQ CHG                ","Advanced Topics in Communication Theory                                                                                 ","      ",0,0,0,"      ",0,"   ","          ","          ",0,0,0.00,0,"            ","      ","      ","  ",0," "," ",0,0,0,0,0,0,0,0,0,0,0,0,0,0,0,0,0,0,0,0,0,0,0,0,0,0,0,0,0,0,0,0,0
"E E   ",596,9999,4,0,2014,4,0,0,1998-06-23 00:00:00.000,2014-07-31 00:00:00.000,NULL,NULL,0,2.0,5.0,16.0,2,2014-07-31 00:00:00.000,0,0,0,J,"ADV TPCS S&I PROC   ","14-16 PREQ CHG                ","Advanced Topics in Signal and Image Processing                                                                          ","      ",0,0,0,"      ",0,"   ","          ","          ",0,0,0.00,0,"            ","      ","      ","  ",0," "," ",0,0,0,0,0,0,0,0,0,0,0,0,0,0,0,0,0,0,0,0,0,0,0,0,0,0,0,0,0,0,0,0,0
"E E   ",597,9999,4,0,2008,4,0,0,2008-02-19 00:00:00.000,NULL,NULL,NULL,0,3.0,0.0,0.0,1,2016-03-21 00:00:00.000,0,0,0,J,"NETWORKED DYN SYS   ","                              ","Networked Dynamics Systems                                                                                              ","      ",0,0,597,"A A   ",0,"   ","          ","          ",0,0,0.00,0,"            ","      ","      ","  ",0," "," ",0,0,0,0,0,0,0,0,0,0,0,0,0,0,0,0,0,0,0,0,0,0,0,0,0,0,0,0,0,0,0,0,0
"E E   ",598,9999,4,0,2017,1,0,0,2016-12-13 00:00:00.000,NULL,NULL,NULL,0,1.0,5.0,16.0,2,2017-01-25 00:00:00.000,0,0,0,J,"SPECIAL TOPICS EE   ","                              ","Special topics in Electrical Engineering                                                                                ","      ",0,0,0,"      ",0,"   ","          ","          ",0,0,0.00,0,"            ","      ","      ","  ",0,Y,N,0,0,0,0,0,0,0,0,0,0,0,0,0,0,0,0,0,0,0,0,0,0,0,0,0,0,0,0,0,0,0,0,0
"E E   ",599,9999,4,0,2017,2,0,0,NULL,NULL,NULL,NULL,0,1.0,5.0,15.0,2,2016-12-16 00:00:00.000,0,0,0,J,"SPECIAL PROJECTS    ","                              ","Special Projects in Electrical Engineering                                                                              ","      ",0,0,0,"      ",0,"   ","          ","          ",0,0,0.00,0,"            ","      ","      ","  ",0,N,N,0,0,0,0,0,0,0,0,0,0,0,0,0,0,0,0,0,0,0,0,0,0,0,0,0,0,0,0,0,0,0,0,0
"E E   ",600,9999,4,0,1969,3,0,0,NULL,NULL,NULL,NULL,600,0.0,0.0,999.0,9,2010-04-19 00:00:00.000,11,0,0,J,"INDEPNDNT STDY/RSCH ","                              ","Independent Study or Research                                                                                           ","E E   ",0,0,0,"      ",0,"   ","          ","          ",0,0,0.00,0,"            ","      ","      ","  ",0," "," ",0,1,0,0,0,0,0,0,0,1,0,0,0,0,0,0,0,0,0,0,0,0,0,0,0,0,0,0,0,0,0,0,0
"E E   ",700,9999,4,0,1968,1,0,0,1970-01-01 00:00:00.000,NULL,NULL,NULL,700,0.0,0.0,999.0,9,2010-04-19 00:00:00.000,11,0,0,J,"MASTERS THESIS      ","                              ","Master's Thesis                                                                                                         ","E E   ",0,0,0,"      ",0,"   ","          ","          ",0,0,0.00,0,"            ","      ","      ","  ",0," "," ",0,1,0,0,0,0,0,0,0,1,0,0,0,0,0,0,0,0,0,0,0,0,0,0,0,0,0,0,0,0,0,0,0
"E E   ",800,9999,4,0,1970,4,0,0,1970-01-01 00:00:00.000,NULL,NULL,NULL,800,0.0,0.0,999.0,9,2010-04-19 00:00:00.000,11,0,0,J,"DOCTORAL DISSERTATN ","                              ","Doctoral Dissertation                                                                                                   ","E E   ",0,0,0,"      ",0,"   ","          ","          ",0,0,0.00,0,"            ","      ","      ","  ",0," "," ",0,1,0,0,0,0,0,0,0,1,0,0,0,0,0,0,0,0,0,0,0,0,0,0,0,0,0,0,0,0,0,0,0
